paramid,sd2
D0,cf3
xD0,-0.85000, 0.20000
D1,cf4
xD1,0.85000, 0.20000
I0,cf0
xI0,-0.40000, 0.60000
vd,0.25
vi,0.27
rc,0.25
r_close,1.20
k_close,0.98
S,-0.9800000000
T,2.5000000000
gmm,1.0856855435
D,0.0000000000
delta,0.3000000000
offy,0.2000000000
offy_dI,0.1000000000
fk,0.0000000000
dstrategy,f
istrategy,f
termination,captured
