paramid,10
D0,cf3
xD0,-0.77359, 0.56372
D1,cf4
xD1,0.77359, 0.56372
I0,cf0
xI0,-0.08477, 1.05740
vd,0.15
vi,0.10
rc,0.25
