paramid,3
D0,cf3
xD0,-0.80487, 0.49575
D1,cf4
xD1,0.75923, 0.55325
I0,cf0
xI0,-0.57292, 0.86278
vd,0.10
vi,0.15
rc,0.25
r_close,0.30
k_close,0.90
S,-0.0500000000
T,5.0000000000
gmm,0.9410686706
D,0.5532461801
delta,0.0999999900
