paramid,11
D0,cf3
xD0,-0.84575, -0.00477
D1,cf4
xD1,0.84575, -0.00477
I0,cf0
xI0,-0.20682, 0.57541
vd,0.10
vi,0.15
rc,0.25
r_close,1.10
k_close,0.98
S,-0.0200000000
T,5.3000000000
gmm,1.0410686706
D,-0.0047673978
delta,0.1899999990
