paramid,2
D0,cf3
xD0,-0.77359, 0.56372
D1,cf4
xD1,0.77359, 0.56372
I0,cf0
xI0,-0.08477, 1.05740
vd,0.10
vi,0.15
rc,0.25
r_close,1.10
k_close,0.90
S,0.0000000000
T,5.0000000000
gmm,0.9410686706
D,0.5637164168
delta,0.0800000000
