paramid,01
D0,cf3
xD0,-0.85000, -0.25000
D1,cf4
xD1,0.85000, -0.25000
I0,cf0
xI0,-0.20000, 0.00000
vd,0.15
vi,0.13
rc,0.25
