paramid,10
D0,cf3
xD0,-0.81619, 0.05258
D1,cf4
xD1,0.76225, 0.11606
I0,cf0
xI0,-0.57742, 0.43084
vd,0.10
vi,0.15
rc,0.25
r_close,1.10
k_close,0.98
S,-0.0200000000
T,5.3000000000
gmm,0.8910686706
D,0.1160596502
delta,0.0499999990
